{"n_clusters": 5, "feature_names": ["Annual Income (k$)", "Spending Score (1-100)"], "cluster_centers": [[55.29629629629632, 49.51851851851852], [86.53846153846155, 82.12820512820511], [25.727272727272755, 79.36363636363636], [88.20000000000002, 17.1142857142857], [26.304347826086982, 20.913043478260867]], "inertia": 44448.45544793369, "n_iter": 4}